{
    "DM mass array": [
        0.1,
        0.10985411419875583,
        0.12067926406393285,
        0.13257113655901093,
        0.14563484775012436,
        0.15998587196060582,
        0.1757510624854792,
        0.193069772888325,
        0.21209508879201905,
        0.2329951810515372,
        0.2559547922699536,
        0.281176869797423,
        0.3088843596477481,
        0.3393221771895328,
        0.372759372031494,
        0.4094915062380424,
        0.44984326689694454,
        0.49417133613238345,
        0.5428675439323859,
        0.5963623316594643,
        0.6551285568595507,
        0.7196856730011519,
        0.7906043210907697,
        0.8685113737513525,
        0.9540954763499939,
        1.0481131341546859,
        1.151395399326447,
        1.2648552168552958,
        1.3894954943731375,
        1.5264179671752334,
        1.6768329368110073,
        1.8420699693267153,
        2.0235896477251565,
        2.2229964825261943,
        2.442053094548651,
        2.6826957952797246,
        2.9470517025518097,
        3.2374575428176433,
        3.5564803062231287,
        3.9069399370546147,
        4.291934260128776,
        4.714866363457392,
        5.17947467923121,
        5.689866029018296,
        6.25055192527397,
        6.866488450042998,
        7.543120063354615,
        8.286427728546842,
        9.102981779915218,
        10.0
    ],
    "med. mass": 10,
    "gh": 1e-13,
    "gl order": [
        0.0,
        0.0,
        0.0,
        0.0,
        0.0,
        0.0,
        0.0,
        0.0,
        0.0,
        0.0,
        0.0,
        0.0,
        0.0,
        0.0,
        0.0,
        0.0,
        0.0,
        0.0,
        0.0,
        0.0,
        0.0,
        0.0,
        0.0,
        0.0,
        0.0,
        0.0,
        0.0,
        0.0,
        1e-11,
        1e-11,
        1e-11,
        1e-11,
        1e-11,
        1e-11,
        1e-11,
        1e-11,
        1e-11,
        1e-11,
        1e-11,
        1e-11,
        1e-11,
        1e-11,
        1e-11,
        1e-11,
        1e-11,
        1e-11,
        1e-11,
        1e-11,
        1e-11,
        1e-11
    ],
    "gl ML constructive": [
        0.0,
        0.0,
        0.0,
        0.0,
        0.0,
        0.0,
        0.0,
        0.0,
        0.0,
        0.0,
        0.0,
        0.0,
        0.0,
        0.0,
        0.0,
        0.0,
        0.0,
        0.0,
        0.0,
        0.0,
        0.0,
        0.0,
        0.0,
        0.0,
        0.0,
        0.0,
        0.0,
        0.0,
        500.70895773924656,
        151.18732890904894,
        71.5094673170259,
        40.99238533975718,
        26.359925487232452,
        18.335820238382123,
        13.513685695226634,
        10.422538864664107,
        8.352719969775599,
        6.856507773303131,
        5.594052060169409,
        4.34958217388964,
        3.0655130857443718,
        1.8129539132901258,
        0.7047934829398849,
        0.0,
        0.0,
        0.0,
        0.0,
        0.0,
        0.0,
        0.0
    ],
    "gl ML destructive": [
        0.0,
        0.0,
        0.0,
        0.0,
        0.0,
        0.0,
        0.0,
        0.0,
        0.0,
        0.0,
        0.0,
        0.0,
        0.0,
        0.0,
        0.0,
        0.0,
        0.0,
        0.0,
        0.0,
        0.0,
        0.0,
        0.0,
        0.0,
        0.0,
        0.0,
        0.0,
        0.0,
        0.0,
        0.0,
        0.0,
        74.41075393835992,
        0.0,
        0.0,
        0.0,
        0.0,
        0.0,
        0.0,
        0.0,
        0.0,
        8.202902341192756,
        0.0,
        0.0,
        0.0,
        0.20253375931779383,
        0.9164538781595777,
        5.962215577237844,
        5.869522360078407,
        5.818339290771127,
        5.798987926788545,
        5.8051498029571285
    ],
    "gl high constructive": [
        NaN,
        NaN,
        NaN,
        NaN,
        NaN,
        NaN,
        NaN,
        NaN,
        NaN,
        NaN,
        NaN,
        NaN,
        NaN,
        NaN,
        NaN,
        NaN,
        NaN,
        NaN,
        NaN,
        NaN,
        NaN,
        NaN,
        NaN,
        NaN,
        NaN,
        NaN,
        NaN,
        NaN,
        717.4431775342714,
        216.97402440411062,
        102.93482361899144,
        59.29022899728487,
        38.37285601238429,
        26.936132131191915,
        20.160276909238988,
        15.821728996034278,
        12.963153475710506,
        10.907085458468956,
        9.181291549636496,
        7.467329485780116,
        5.710921325339284,
        4.01074809904381,
        2.5383964110374975,
        1.3703793961043724,
        0.6815474445390342,
        0.3710718486041782,
        0.23095394800608052,
        0.16175670983146173,
        0.12426829838846502,
        0.10267734005565571
    ],
    "gl low constructive": [
        NaN,
        NaN,
        NaN,
        NaN,
        NaN,
        NaN,
        NaN,
        NaN,
        NaN,
        NaN,
        NaN,
        NaN,
        NaN,
        NaN,
        NaN,
        NaN,
        NaN,
        NaN,
        NaN,
        NaN,
        NaN,
        NaN,
        NaN,
        NaN,
        NaN,
        NaN,
        NaN,
        NaN,
        NaN,
        NaN,
        NaN,
        NaN,
        NaN,
        NaN,
        NaN,
        NaN,
        NaN,
        NaN,
        NaN,
        NaN,
        NaN,
        NaN,
        NaN,
        NaN,
        NaN,
        NaN,
        NaN,
        NaN,
        NaN,
        NaN
    ],
    "gl high destructive": [
        NaN,
        NaN,
        NaN,
        NaN,
        NaN,
        NaN,
        NaN,
        NaN,
        NaN,
        NaN,
        NaN,
        NaN,
        NaN,
        NaN,
        NaN,
        NaN,
        NaN,
        NaN,
        NaN,
        NaN,
        NaN,
        NaN,
        NaN,
        NaN,
        NaN,
        NaN,
        NaN,
        NaN,
        813.8089484405496,
        247.97573129038358,
        105.90675483377336,
        70.11730176043406,
        46.476811725214326,
        33.59271591055719,
        25.858162255508372,
        20.99043719911714,
        17.722915067816746,
        15.44260998436458,
        13.642303131559988,
        11.326735453710656,
        10.709893599978672,
        9.442731834069255,
        8.407804739180284,
        7.825891409777876,
        7.4984811117384575,
        7.1601204367648,
        6.949793302023583,
        6.81577852274834,
        6.732066173350027,
        6.690214326426171
    ],
    "gl low destructive": [
        NaN,
        NaN,
        NaN,
        NaN,
        NaN,
        NaN,
        NaN,
        NaN,
        NaN,
        NaN,
        NaN,
        NaN,
        NaN,
        NaN,
        NaN,
        NaN,
        NaN,
        NaN,
        NaN,
        NaN,
        NaN,
        NaN,
        NaN,
        NaN,
        NaN,
        NaN,
        NaN,
        NaN,
        NaN,
        NaN,
        0.0001,
        NaN,
        NaN,
        NaN,
        NaN,
        NaN,
        NaN,
        NaN,
        NaN,
        0.0001,
        NaN,
        NaN,
        NaN,
        0.0001,
        0.0001,
        0.3872426824788764,
        1.0991837280713228,
        1.843868212749249,
        2.7636325276101656,
        3.1407226473029777
    ]
}