{
    "target": {
        "material": [
            [
                23.0,
                1.0
            ],
            [
                127.0,
                1.0
            ]
        ],
        "exposure": 50.0,
        "thr": 1.0,
        "sigma": 0.0,
        "bg": [
            1.0
        ],
        "roi": 10
    },
    "model": {
        "mdm": 10.0,
        "mZl": 10.0,
        "gl": 0.0,
        "gheff": 0.0
    },
    "sample": [
        3.4324324324324325,
        6.918918918918919,
        8.18918918918919,
        6.27027027027027,
        8.45045045045045,
        3.27027027027027,
        4.54954954954955,
        6.873873873873873,
        8.837837837837839,
        5.594594594594595,
        5.900900900900901,
        3.2072072072072073,
        6.711711711711712,
        3.234234234234234,
        6.351351351351351,
        2.5585585585585586,
        2.7927927927927927,
        3.3423423423423424,
        4.621621621621621,
        9.153153153153154,
        3.081081081081081,
        6.594594594594595,
        9.702702702702702,
        2.7207207207207205,
        8.0990990990991,
        2.990990990990991,
        6.378378378378378,
        7.495495495495495,
        8.81081081081081,
        1.4774774774774775,
        8.82882882882883,
        6.81981981981982,
        3.2522522522522523,
        5.1441441441441444,
        1.3513513513513513,
        1.1621621621621623,
        8.54054054054054,
        6.36036036036036,
        4.873873873873874,
        3.7567567567567566,
        3.5405405405405403,
        6.225225225225225,
        7.054054054054054,
        5.36036036036036,
        5.36936936936937,
        8.063063063063062,
        1.4774774774774775,
        4.216216216216216,
        8.477477477477478,
        7.162162162162162,
        1.8198198198198199,
        1.0,
        2.8558558558558556,
        9.063063063063064,
        4.5225225225225225,
        3.4054054054054053,
        4.135135135135135,
        3.810810810810811,
        9.90990990990991,
        4.990990990990991,
        8.117117117117118,
        2.8108108108108105,
        3.5675675675675675,
        8.036036036036036,
        1.6396396396396398,
        5.945945945945946,
        1.2252252252252251,
        4.8108108108108105,
        5.288288288288288,
        2.081081081081081,
        9.927927927927929,
        6.747747747747748,
        7.891891891891892,
        4.72972972972973,
        9.441441441441441,
        1.3243243243243243,
        7.900900900900901,
        2.4864864864864864,
        1.4954954954954955,
        8.108108108108109,
        4.900900900900901,
        9.621621621621621,
        7.666666666666667,
        2.7207207207207205,
        2.2162162162162162,
        8.81081081081081,
        6.828828828828828,
        6.7207207207207205,
        4.576576576576576,
        7.252252252252252,
        6.54954954954955,
        3.873873873873874,
        4.783783783783784,
        5.225225225225225,
        5.756756756756757,
        1.1081081081081081,
        7.396396396396396,
        3.3513513513513513,
        1.5585585585585586,
        6.36036036036036,
        5.5675675675675675,
        2.90990990990991,
        2.8558558558558556,
        2.5945945945945947,
        6.864864864864865,
        1.6126126126126126,
        4.2792792792792795,
        7.945945945945946,
        8.693693693693692,
        5.216216216216216,
        4.792792792792793,
        2.5585585585585586,
        4.8558558558558556,
        9.486486486486486,
        1.6666666666666665,
        7.882882882882883,
        4.504504504504505,
        2.7477477477477477,
        2.711711711711712,
        6.801801801801802,
        3.279279279279279,
        8.513513513513512,
        9.792792792792794,
        3.027027027027027,
        4.612612612612613,
        4.4324324324324325,
        4.927927927927928,
        3.7837837837837838,
        4.18018018018018,
        1.7207207207207207,
        3.90990990990991,
        9.135135135135135,
        2.774774774774775,
        1.2792792792792793,
        3.3963963963963963,
        8.36936936936937,
        3.765765765765766,
        3.8828828828828827,
        6.936936936936937,
        4.45945945945946,
        1.6036036036036037,
        5.351351351351351,
        7.45045045045045,
        6.783783783783783,
        6.153153153153153,
        3.2612612612612613,
        4.387387387387387,
        3.234234234234234,
        7.225225225225225,
        5.882882882882883,
        1.1531531531531531,
        3.5225225225225225,
        3.225225225225225,
        1.9279279279279278,
        5.4774774774774775,
        8.405405405405405,
        5.423423423423423,
        6.54054054054054,
        7.054054054054054,
        2.4414414414414414,
        6.126126126126126,
        4.8558558558558556,
        1.7117117117117115,
        8.054054054054054,
        9.423423423423424,
        3.6576576576576576,
        4.738738738738739,
        9.864864864864865,
        5.882882882882883,
        7.0,
        4.918918918918919,
        1.7207207207207207,
        9.378378378378379,
        9.927927927927929,
        7.918918918918919,
        9.297297297297296,
        9.585585585585585,
        7.405405405405405,
        9.00900900900901,
        5.2792792792792795,
        7.45945945945946,
        9.225225225225225,
        9.504504504504505,
        4.063063063063063,
        7.954954954954955,
        2.036036036036036,
        8.234234234234235,
        5.603603603603603,
        2.5225225225225225,
        9.144144144144144,
        1.4954954954954955,
        7.837837837837838,
        4.423423423423424,
        7.972972972972973,
        2.027027027027027,
        1.3153153153153152,
        7.396396396396396,
        7.306306306306306,
        2.036036036036036,
        5.315315315315315,
        5.225225225225225,
        7.117117117117117,
        8.126126126126126,
        6.027027027027027,
        6.648648648648648,
        1.1261261261261262,
        8.576576576576578,
        7.423423423423423,
        2.243243243243243,
        4.135135135135135,
        9.0990990990991,
        6.063063063063063,
        3.0,
        8.216216216216216,
        7.441441441441442,
        3.6936936936936937,
        5.045045045045045,
        3.828828828828829,
        9.63963963963964,
        9.342342342342342,
        2.198198198198198,
        3.5405405405405403,
        7.36036036036036,
        4.36936936936937,
        2.171171171171171,
        8.567567567567568,
        7.603603603603603,
        4.324324324324325,
        5.342342342342342,
        9.387387387387387,
        7.2342342342342345,
        8.396396396396396,
        3.5675675675675675,
        9.747747747747749,
        1.2522522522522523,
        5.243243243243243,
        7.252252252252252,
        4.18018018018018,
        1.063063063063063,
        6.954954954954955,
        5.1441441441441444,
        9.864864864864865,
        2.135135135135135,
        9.73873873873874,
        9.73873873873874,
        8.108108108108109,
        3.774774774774775,
        4.054054054054054,
        5.414414414414415,
        4.288288288288289,
        8.27927927927928,
        6.81981981981982,
        5.990990990990991,
        1.7927927927927927,
        7.738738738738738,
        8.774774774774775,
        5.4324324324324325,
        6.261261261261261,
        4.4324324324324325,
        8.018018018018019,
        3.7027027027027026,
        5.54954954954955,
        3.7927927927927927,
        6.45045045045045,
        3.5855855855855854,
        3.81981981981982,
        8.522522522522522,
        1.9189189189189189,
        4.054054054054054,
        9.792792792792794,
        4.576576576576576,
        4.504504504504505,
        4.972972972972973,
        3.5495495495495497,
        3.5585585585585586,
        6.225225225225225,
        4.36036036036036,
        6.738738738738738,
        1.6936936936936937,
